"0,username0,pass"
"1,username1,pass"
"2,username2,pass"
"3,username3,pass"
"4,username4,pass"
"5,username5,pass"
"6,username6,pass"
"7,username7,pass"
"8,username8,pass"
"9,username9,pass"
"10,username10,pass"
"11,username11,pass"
"12,username12,pass"
"13,username13,pass"
"14,username14,pass"
"15,username15,pass"
"16,username16,pass"
"17,username17,pass"
"18,username18,pass"
"19,username19,pass"
"20,username20,pass"
"21,username21,pass"
"22,username22,pass"
"23,username23,pass"
"24,username24,pass"
"25,username25,pass"
"26,username26,pass"
"27,username27,pass"
"28,username28,pass"
"29,username29,pass"
"30,username30,pass"
"31,username31,pass"
"32,username32,pass"
"33,username33,pass"
"34,username34,pass"
"35,username35,pass"
"36,username36,pass"
"37,username37,pass"
"38,username38,pass"
"39,username39,pass"
"40,username40,pass"
"41,username41,pass"
"42,username42,pass"
"43,username43,pass"
"44,username44,pass"
"45,username45,pass"
"46,username46,pass"
"47,username47,pass"
"48,username48,pass"
"49,username49,pass"
"50,username50,pass"
"51,username51,pass"
"52,username52,pass"
"53,username53,pass"
"54,username54,pass"
"55,username55,pass"
"56,username56,pass"
"57,username57,pass"
"58,username58,pass"
"59,username59,pass"
"60,username60,pass"
"61,username61,pass"
"62,username62,pass"
"63,username63,pass"
"64,username64,pass"
"65,username65,pass"
"66,username66,pass"
"67,username67,pass"
"68,username68,pass"
"69,username69,pass"
"70,username70,pass"
"71,username71,pass"
"72,username72,pass"
"73,username73,pass"
"74,username74,pass"
"75,username75,pass"
"76,username76,pass"
"77,username77,pass"
"78,username78,pass"
"79,username79,pass"
"80,username80,pass"
"81,username81,pass"
"82,username82,pass"
"83,username83,pass"
"84,username84,pass"
"85,username85,pass"
"86,username86,pass"
"87,username87,pass"
"88,username88,pass"
"89,username89,pass"
"90,username90,pass"
"91,username91,pass"
"92,username92,pass"
"93,username93,pass"
"94,username94,pass"
"95,username95,pass"
"96,username96,pass"
"97,username97,pass"
"98,username98,pass"
"99,username99,pass"
"100,username100,pass"
